File basename	Record count	Percentage of records with corrected index(es)
unknown	9182632	53.48694325741607
TACCGGAT	2069033	12.051691788228183
TCTTCGAC	1074690	6.259848271096182
CTCTGGAT	685227	3.991306377893554
TGTTCCGT	359914	2.0964250440995182
CTAGCTCA	359625	2.0947416785240063
TCGAGAGT	278517	1.6223042560374576
TATGGCAC	264082	1.5382233491775505
AGAGTCCA	262248	1.5275406762865864
AGGATAGC	244573	1.4245874356389345
AACAGCGA	217980	1.2696886787199526
ATCATGCG	216437	1.2607010209932579
TAGCCATG	202680	1.1805693247222682
GTCCTAAG	200882	1.1700963444289452
GTAGCGTA	189244	1.1023073874469158
ATCGTGGT	186386	1.0856601251119233
ACGATCAG	170263	0.9917469653403765
GATCAAGG	158933	0.9257520450270584
GCTACTCT	142740	0.8314311496489862
CGATCGAT	118342	0.6893178163917635
CGGTAATC	117629	0.6851647379995839
TCGGATTC	101348	0.5903312607161654
hopped	96202	0.560356868842173
TCGACAAG	93617	0.5452997753726296
CACTTCAC	93403	0.5440532693755378
GATCTTGC	81361	0.47391109546441906
